{"entities":{"pages":{"inicio":{"id":"inicio","title":"16 Games in C++","url":"inicio.html","level":0,"tabIndex":0},"configuracao-ambiente":{"id":"configuracao-ambiente","title":"Configuração do Ambiente","url":"configuracao-ambiente.html","level":0,"pages":["system-requirements","sfml-installation","cmake-installation","ide-setup","environment-setup"],"tabIndex":1},"system-requirements":{"id":"system-requirements","title":"Requisitos do Sistema","url":"system-requirements.html","level":1,"parentId":"configuracao-ambiente","tabIndex":0},"sfml-installation":{"id":"sfml-installation","title":"Instalação do SFML","url":"sfml-installation.html","level":1,"parentId":"configuracao-ambiente","tabIndex":1},"cmake-installation":{"id":"cmake-installation","title":"Instalação do CMake","url":"cmake-installation.html","level":1,"parentId":"configuracao-ambiente","tabIndex":2},"ide-setup":{"id":"ide-setup","title":"Configuração da IDE","url":"ide-setup.html","level":1,"parentId":"configuracao-ambiente","tabIndex":3},"environment-setup":{"id":"environment-setup","title":"Configuração Final do Ambiente","url":"environment-setup.html","level":1,"parentId":"configuracao-ambiente","tabIndex":4},"compilacao":{"id":"compilacao","title":"Compilação","url":"compilacao.html","level":0,"pages":["compilation-guide","build-and-run","running-games"],"tabIndex":2},"compilation-guide":{"id":"compilation-guide","level":1,"parentId":"compilacao","tabIndex":0},"build-and-run":{"id":"build-and-run","level":1,"parentId":"compilacao","tabIndex":1},"running-games":{"id":"running-games","level":1,"parentId":"compilacao","tabIndex":2},"estrutura-projeto":{"id":"estrutura-projeto","level":0,"tabIndex":3},"jogos":{"id":"jogos","level":0,"pages":["tetris","doodle-jump","arkanoid","snake","minesweeper","fifteen-puzzle","racing","outrun","xonix","bejeweled","netwalk","mahjong","tron","chess","volleyball","asteroids"],"tabIndex":4},"tetris":{"id":"tetris","level":1,"parentId":"jogos","tabIndex":0},"doodle-jump":{"id":"doodle-jump","level":1,"parentId":"jogos","tabIndex":1},"arkanoid":{"id":"arkanoid","level":1,"parentId":"jogos","tabIndex":2},"snake":{"id":"snake","level":1,"parentId":"jogos","tabIndex":3},"minesweeper":{"id":"minesweeper","level":1,"parentId":"jogos","tabIndex":4},"fifteen-puzzle":{"id":"fifteen-puzzle","level":1,"parentId":"jogos","tabIndex":5},"racing":{"id":"racing","level":1,"parentId":"jogos","tabIndex":6},"outrun":{"id":"outrun","level":1,"parentId":"jogos","tabIndex":7},"xonix":{"id":"xonix","level":1,"parentId":"jogos","tabIndex":8},"bejeweled":{"id":"bejeweled","level":1,"parentId":"jogos","tabIndex":9},"netwalk":{"id":"netwalk","level":1,"parentId":"jogos","tabIndex":10},"mahjong":{"id":"mahjong","level":1,"parentId":"jogos","tabIndex":11},"tron":{"id":"tron","level":1,"parentId":"jogos","tabIndex":12},"chess":{"id":"chess","level":1,"parentId":"jogos","tabIndex":13},"volleyball":{"id":"volleyball","level":1,"parentId":"jogos","tabIndex":14},"asteroids":{"id":"asteroids","level":1,"parentId":"jogos","tabIndex":15},"troubleshooting-setup":{"id":"troubleshooting-setup","title":"Troubleshooting","url":"troubleshooting-setup.html","level":0,"tabIndex":5}}},"topLevelIds":["inicio","configuracao-ambiente","compilacao","estrutura-projeto","jogos","troubleshooting-setup"]}